user01,pass1,Jai B. Kumar
user02,pass2,Oviya R. Thakur
user03,pass3,Eshan C. Wadhwa
user04,pass4,Ema J. Nair
user05,pass5,Avni L. Singh
user06,pass6,Nayan M. Kapoor
user07,pass7,Ishita G. Desai
user08,pass8,Laksh F. Rana
user09,pass9,Saanvi N. Lal
user10,pass10,Manav H. Harish
user11,pass11,Charu I. Srinivas
user12,pass12,Vivaan J. Kulkarni
user13,pass13,Mira K. Patel
user14,pass14,Eklavya L. Yadav
user15,pass15,Amoli M. Naidu
user16,pass16,Om N. Bhattacharya
user17,pass17,Hira O. Sharma
user18,pass18,Lokesh P. Murthy
user19,pass19,Esha Q. Zaveri
user20,pass20,Biren R. Jain
nidhidodiya,nidhi,Nidhi DilipBhai Dodiya
